-35778.68168151228,-16873.161271124394,2733.1915822067185,-11110.434147570719,-7227.55661063922,-75508.55448417323,56395.99289352865,18314.069441102747,-12201.716917538217,57993.69968040347
-14916.358162548631,16809.546654347138,6084.743365391391,51303.54228395038,59872.35385357266,-93709.30588949533,54203.18699982607,-22629.547186060314,4829.2773259843825,59317.9348625108
90320.11698904666,-22794.194942813127,-42057.62256969595,-63145.587881010724,-28515.208332804246,-43377.32437232393,12637.689106257014,-1866.51434665326,24895.821982960348,3400.397503542679
37376.807486015714,-3643.164594862831,3815.6283314914303,-7882.2750383909315,-39981.02267551627,-17105.77440962878,17014.40990976095,22363.413449390537,41510.58288670697,93094.28366530029
15322.170505744249,-65652.79576300642,33288.160306845595,41711.83151352113,-27756.720022790785,14054.532943927044,33308.99335086236,11646.492559360067,2185.075109807348,132955.3283476702
56771.041640974705,35288.10303436684,-21014.172613013463,-53672.293215749116,-50507.10584885095,5878.816043673224,-40958.7884779179,-39440.651039449,-923.7690505899318,127250.61100674864
-6067.2149109926395,20160.199676744847,10185.133498233243,-63432.590267183215,2064.274866470426,-102710.92298902814,19310.485722647507,9289.95100871228,-46610.14538681563,41680.5286327444
39722.26135579276,-66672.25266093768,-37140.352893062714,-24860.322085991036,35197.76116483648,37359.34522573725,-21105.242926344148,87790.72517096919,-3780.4115472375584,47422.215990816716
39436.9929181832,12740.588945748053,30395.621771483846,-45029.509622356585,52546.3954737726,-42189.8484359993,-3138.101580825793,14691.697324583867,27837.37951655588,96150.08414019266
-4022.7551391396137,3680.6644483080345,-34600.51844668319,-30132.10504849027,-58919.110003460446,-74035.61623155142,-6355.789234077739,52702.075618270734,-78496.53193874023,69001.57364899838
4181.819842065015,-53355.54554818845,48767.276689164435,17591.945144293444,-43231.93103257476,-105784.85908876287,-10371.64512825173,14226.381746360108,18361.291600446933,2519.0264816083663
-2830.8016049272314,-25623.775709452362,-13799.089226630434,19664.34036864856,10804.377762196738,-13718.546506295612,-14874.282920696105,20351.00660168025,40331.921714851465,44662.80871337383
24917.655305207783,-31812.09947787219,-53208.32239230853,-44324.822221874754,-5571.568065547218,-59509.67728995582,16919.611616895534,26713.08129619064,-52382.237618856496,80921.9344854014
35900.33761588969,15097.810990794045,25413.98839715935,58163.47501416236,-57757.304263054,-70705.36517716118,-44658.30445333986,75096.69874914954,-9075.016319893652,122024.86635774457
-37460.75455011814,-6757.364137011054,31436.862566618718,41330.69848880138,-33268.461560167445,-74011.2780832527,-32943.6449786586,13810.47427073099,20181.007003964813,17710.00407488883
9088.826313288046,-74882.11588547629,35529.09169100948,-33097.853326165234,32389.819454111115,-94627.77080291125,-1254.7498237257262,-4858.396796538558,-8389.812102947544,18372.515165943874
1999.5381253535409,-9968.086585394194,17633.27796323335,4310.623636367615,-6966.789110684537,-55033.61348435859,-11790.171277916863,45628.28195675853,3156.04301776673,14790.860270076613
13059.32405360313,-43890.54228534798,-38020.56922064444,-5336.939243752331,-16879.19313737188,-50033.04501951566,-23156.21747483172,-8410.389114051586,-82911.44902187021,57326.00911229102
29671.50393263751,-72662.08544763198,-30336.79455819172,-55843.14173293401,-48240.03628477787,-32246.11643736722,33594.50102795007,-23796.164102416642,-7055.321424121325,-17376.741585417734
18356.06388891984,-3770.1508430409235,3499.87570842546,-38514.63793436174,-20507.963315051526,-73640.75923499529,-20453.66153768587,-140.26623516598218,43543.757472184865,32564.1524752498
-33955.454898283584,-19472.41242713065,60321.04407245165,-3585.150014284199,36938.84851191407,19465.8861540728,2499.0453342285505,18278.25216976649,49181.39095670763,32073.224472693524
63474.55603976779,-21124.734605754576,-69046.61115541201,25013.720602862515,15106.992330310464,14836.435938554221,-6718.19763982467,-7307.987059374188,47386.31318298003,18448.585712638327
50317.9475661358,6529.056490141235,-51179.39681111745,7570.177228655257,-31957.01984783019,122.98136537073627,10789.149380152441,-6631.707838142141,21944.585321081526,90651.4389846794
-16530.589687308802,20062.44017023513,2182.7828165425813,835.3706131699406,-8833.760056905394,-17991.408515837098,-53582.701433364324,22243.29169759838,54810.72413184953,31569.792928257404
-14124.685393807642,-32644.43320043901,7265.048904671243,-47745.70231981187,24148.273567814314,-71418.26175161476,-9766.014445132994,43704.20380102472,-18822.110831886584,-14956.252099836853
43218.12081011066,-53395.71084679726,-12847.386860154116,-84.13834895327395,-1410.951502389736,-119512.36468084961,-656.0272358959865,19694.930638482005,-5327.572677109121,95428.18110381503
-7344.105073334924,-45065.99522851989,-14462.313433142031,-12954.858040346086,-21095.534305221514,26583.475768566164,60673.944078024586,20977.598704519474,57715.12309868457,25636.19337418912
-5474.040733303591,21507.784999113977,-33922.37884226613,-3447.281386593557,20317.4132198468,-10364.71292328651,26252.92664630465,40174.08662081792,33594.52591731341,69806.76912153832
-25969.264135929345,-8919.958179364725,-13110.797464573085,41003.78169924797,-9519.799032049204,-28581.238102757485,-2071.7876039753455,54267.187100087045,24289.363867345244,24768.93946839567
18468.770894578207,-10.920792605698512,-46279.897273346025,19658.704019690584,-30224.052502132206,-2622.570540215871,11457.742819061235,17315.076571544945,29858.649609324315,19999.93764914528
-25107.226636111805,11021.148897785608,8960.466598270972,29508.731010095304,-7092.412596579312,-82908.62402549757,-17373.967124317118,-5230.6143633194515,23736.560433893996,61772.58587284994
41049.13612335617,27564.878514236658,-31587.961367577213,44247.688181399615,32791.42814577263,-60841.325111984166,3263.8654359486222,-33427.169262439675,7331.450231353684,69689.01620388599
-34834.96147868788,-18730.49223050199,58643.23622600882,31310.543324750193,69668.05215881484,-57644.17484779299,-25570.98992301172,18879.2483296539,-38281.99590009542,47562.33023696952
-15166.960996622509,45029.83814285054,22883.952657980477,-686.3748984170463,44577.52018465823,-67024.98560960859,39011.76634396482,11538.45555139867,-95357.38173981299,91403.88276105457
-9280.656086932315,-113804.00618083669,-8395.923643693715,44909.77461147698,-9523.841863788712,-51951.486112830615,9072.044277773233,-32246.48425549174,-13193.046449116786,11697.13331958762
-26099.734309916777,-61161.811553977,26319.466988456556,-24813.494437269514,33057.81349504309,-87489.70720191117,18546.50381917629,98624.61905868854,35606.60221328601,45443.46172772027
54647.82557303618,-17139.710026684923,-54873.75271552297,22723.148686875713,72817.49909722712,-12963.550722034153,36332.6524970342,-11546.317254629805,9049.458103942805,5376.035580891877
-76965.30042411326,-31535.012708525202,-20742.40170536828,25408.425197170123,-19722.744749693622,-7617.853505940556,3534.591963327056,-23632.350330494166,83836.70127893216,105694.29713958426
-6425.322956940489,46591.87073912408,28884.119854385437,26813.301402812514,28650.287226914952,-30552.324527019147,34015.13361012887,-60384.23062268203,21112.79846989545,47917.81458486286
-54262.86837523274,24137.501117134674,-41075.52571992622,48898.19234427962,20704.940192969883,-41740.5840404451,55488.06881021655,-19924.556092745723,-25611.860716347295,58985.245095999104
59393.29694382929,-10312.890259467471,-31354.081871523962,-5744.598512063556,1871.1244606444616,-27253.184984788582,-9418.317244211503,6896.795573706972,25104.286367407138,82401.8853947777
-17203.984424609996,-20604.008628242114,17952.79988935461,3289.8719640830386,31903.214263810933,-102973.66875902639,7593.661647526608,42473.499386964606,45505.762859944356,71016.23074435824
6101.942466698114,-47646.25973301923,18812.406791132227,42496.78652651043,21336.62683943494,-39546.61409768466,-35335.462385880346,47475.291693624604,-5001.32366577639,56254.958620861085
57017.84449321924,-23983.406235212868,16103.960450329381,5974.868443883099,19562.00175549922,-93129.28108815337,20485.742578139383,-20771.850083742887,-7268.521800262783,8914.830012104496
10308.97255706408,41135.75660686903,-10929.198524956797,-18161.811075954658,-59076.669177003845,-23791.81919970268,-36645.230090207755,-57832.32017405735,65299.00182866603,-2170.8298615111944
33516.53615135966,-6374.555434643821,-24505.13944799455,20250.58199263283,-41653.84703575995,-6470.971834136305,11632.288579033027,-2305.7317178557732,-40944.00832668911,28945.477535183232
-14599.83305653447,-76080.39908990514,64268.13341667933,-11506.671628428774,-2384.7331865148444,-64069.96387238287,-45119.39930304086,-53821.79650791267,35889.535278014955,35901.76147880872
35225.33654322334,-2872.8161504063405,-32196.8639455816,36386.60746299613,-19209.667634326554,-80561.43842683884,40085.38294230152,53198.98640950196,-44188.849273933745,-3810.5411858985194
53870.59159946474,-59569.89259279127,-79157.6339038931,4552.174623071487,20574.320162480126,-42286.90874795209,-11622.434759696942,66147.28515861198,8936.005156850684,49166.10808040068
48884.87735223836,-5542.316933475882,-25456.418224621244,9696.160785400736,46307.6826935435,-29527.043345577444,23020.376309352112,67249.57160783306,-52482.69748391112,88018.31689134019
78444.94966888257,26659.23672008015,7572.777666928028,-23276.07573715437,14742.596368538692,-88419.90300390602,37787.04539824325,5625.890709016306,16742.480412843073,77307.86892266809
-32650.104502880284,-15621.1985332323,-29788.432763380755,13202.791414177713,28920.837863140005,-9616.714359311442,11179.025811610234,53177.8869876503,-28908.63824548653,124671.49074830045
82688.26067079206,-58371.622999578125,-10417.3230281958,-57951.596927193335,-37809.606401982004,-26684.5254246584,-5684.262374247301,-13118.790360891953,11637.028074972872,83560.0347053796
-20951.579453038208,-81567.85835341923,11345.15996538501,22499.568444380708,-25108.18025328261,-20790.08696921334,30284.633065935006,-23821.96696180804,45621.51858756392,38982.817246188795
3173.3719359278807,22977.497479819027,-14975.152446385213,6522.523777607577,3987.1298815470213,-14027.208612382352,14541.853959771932,45729.82659884342,-5007.4153666147695,80319.09044714339
19735.230008038445,-38158.85656070501,-1268.6798397652667,12570.509056324134,12242.542020314273,-73650.19826413384,11940.264385517241,-36493.89391295305,63422.63502358747,-43746.67776850647
-9413.09649774959,-50250.979028821166,21456.954649141924,-38710.30332521683,-2282.660789585942,15015.502762343502,25770.723694436867,29600.091730983007,10804.13137818651,70004.32220235132
34347.01867896884,-86465.15075295069,51628.0993274601,13550.526951838065,35120.81757383103,-52577.95451860998,52093.74927996551,20906.899144901243,40166.11815261948,50547.1561822554
-3299.0038278547772,-992.8437434177579,-69650.47980456498,7099.010145640101,20759.59484044207,-65988.59686940577,45255.7383338482,22486.646534694686,111817.38423821253,3931.192527500026
-2587.310630795058,2165.4817381023854,10908.730235295328,18939.243370935765,-25885.564804063757,-93001.84253464743,18181.752463895224,20941.72211544708,25080.9902555684,43941.850235840095
51091.56656322118,-58987.103642413145,24595.606349673973,43314.85780362611,-46023.6392737969,2461.8729729349243,36953.62153213765,63074.88286161782,65674.69584154953,85573.3671081868
34547.91420611657,-52888.701558745415,-30540.38050830763,48870.118259242365,-3365.937615632534,-37954.01439014775,31839.408505737672,-780.151472232565,57276.354488124714,39936.58340103358
56917.3922409351,-20292.53149589695,70989.80105591689,-13899.33306326867,-2547.253060900634,-36030.521298946216,30625.90094596911,26531.60251211747,41968.234811812225,62367.34061028266
26447.982204698943,-8797.583809667767,-6246.445895512888,-46297.01553775729,-42241.24905986672,-74112.3524422014,-4109.79252699341,52229.45293763026,-33077.63333368237,93500.83757128408
-34771.75523152334,-36369.98882472968,-13217.381953074706,16652.25493229563,17143.8958083789,-7119.976941289719,36538.61532662745,-20470.344141242425,38710.57423530196,9028.45906278663
13852.55859360198,-22930.645340548344,-19328.655309331774,-65854.98684454332,-7479.12140490565,-30415.205471574707,2655.9494281205834,-27923.76126918126,-10491.503537260944,47878.34545684393
-1408.1717860737028,-11076.806129405191,-22569.007339839547,-19923.756857256692,23413.16793102804,-49469.681803665815,33952.96110881476,-36130.23409368622,39236.14808988323,27845.68810654518
9191.718955630027,14864.992874720372,-4239.710350332595,53290.62188257039,-6104.319854660624,-87957.4670778662,14320.57744699101,45009.47952924865,511.7554750557058,32485.59683413203
67912.44753108991,-62712.284298319966,-33614.822727807325,29949.521421210775,-10345.65561516148,-55190.500389931614,-2457.7866691077998,19265.85807683731,10781.363574802299,44476.581563399275
-29697.817175822925,-4358.667861088493,4626.587136712645,47732.93604617051,31789.26759544392,-43577.96541557566,32410.23246253019,48338.23347859953,27099.681598645464,125492.19246316525
20256.129801485968,7473.27855796444,90481.53129315228,9811.236110246502,-61318.405451936225,2637.646773363733,40376.192216502204,36390.906248256055,41953.27603779822,85277.24553932656
74053.23073537616,-1072.871395117354,-45311.20517828126,-8122.6970271244145,-32791.33210037638,-11342.343528394156,30301.85114309953,4301.410204541486,47431.21719743283,-33974.26990209655
-8144.277558219039,-74762.41823846634,-46568.164925751305,-15745.207444494497,-16768.105000581843,-62134.71929505416,37823.105713629826,13373.903034682942,19834.685709446494,103200.91495181569
-26485.7813914154,53301.18372818865,-76709.67811733155,-47000.49312862478,-78521.61981118437,-72238.60268314849,12819.26835787877,-25855.44053834217,23280.536317898845,103929.33092278497
56712.60326465084,-17440.543262712545,11484.444184362412,21259.5936639339,20657.330713020754,943.6344578497059,28778.45324373183,63587.53301926659,-2843.4057004725473,54201.22847724427
-5414.559941015919,-108159.5581109899,9817.334613213297,12111.4494570566,-24299.465325484136,32081.163247817774,-51723.515796529864,-31918.911450245014,35474.057187221304,63187.60968454997
69769.15481655723,-52340.602736325265,-41634.30144764687,60322.54894317415,38515.0357751299,-33283.16645642501,31933.417053345318,33489.447153742476,28531.080865794407,47463.880833593015
57304.49547069561,8127.380821815377,-27613.01758157259,2116.8478503875617,35430.95825748622,-51190.8994424965,-23921.50002988186,-4262.280510644508,5380.7925283369495,47526.28094208486
42700.36169342197,9430.509332040037,30574.465957797936,-17014.120540111286,8585.643148053194,-41726.389279128525,-71025.69968678617,-911.6748729762166,15834.307573317363,78383.83009114559
-42200.47653170993,-53365.66155612871,46076.4543597044,-53758.01398749434,-7139.763742922162,-22943.785606395846,-17227.32034924318,-45226.92442297438,15681.755628043791,53120.9373360275
-25554.877240177007,-23751.918434498646,-2793.4473219312836,10848.197007524192,-23193.841196496902,-10714.791631735417,-11551.098891678175,-17937.655609512232,-7430.7684936110545,24214.796150485392
17265.993921216443,-51926.9830879772,-61776.86336495263,-20538.192627857494,39999.87432142876,-51769.31595204332,-19413.714659019268,-35480.88079938694,-28212.176083477785,82362.13935610653
18714.78494941525,16678.56234471095,-29101.623408913878,12303.946560164099,8846.965362226509,-42505.8978013577,55181.51652605223,731.8831228029001,30206.903655144928,28927.481959474368
22068.506990349964,13463.239234283854,-34523.8474728358,26205.940732774045,24494.012806754316,-110601.9122469718,56062.14269751908,-44874.06146320826,36735.97966094862,109978.05444428798
-7174.392929213144,-81403.78158785254,41271.9273881149,5174.882457034473,-24907.38700092748,21074.83525354025,13045.512428884344,-155.9105626484831,-34001.37056909718,10749.643261052473
-3600.0071949906833,-11356.454410774842,-11577.65959988568,3183.8861487394047,22710.593583492566,-55132.93585370772,1527.1997151419935,18573.229512035123,-14789.869578322885,70640.03591003681
-28376.51610312139,-5058.875612890801,-11160.641742544003,77018.6750936515,11945.112307567966,-35786.046807846746,3895.8278059022514,-16928.100148981535,47084.22987793655,122251.4070677652
52893.17148279221,-34241.55973840276,14607.06060008926,10964.724650513557,-60090.38413422535,4624.255266777901,48395.30925201776,-6806.349839545468,20928.09684665027,88320.4666896756
64152.377407382126,-26207.64188682182,-20903.404085062168,-57429.841433455724,35426.46307960296,-54739.9934376763,19860.69166525955,-11092.89181103723,26632.530912407943,115578.34091119698
31825.71770120596,-12410.809065613164,-8283.615349434867,23641.46694670806,19263.030808753392,-17760.151678486884,8652.529338404505,-24960.13090797242,-55810.932864195245,51046.92712947016
37072.69869509154,38635.681214149015,-75565.36885942369,-26236.06550779644,42512.41379820327,-320.9743546580977,25157.81587173355,60139.063688434864,96677.47370173279,10866.291316479817
5143.994638704864,-35996.2575170397,-13148.71220941995,-17404.146813316456,10556.584111702627,-97307.54190423922,-32943.91177456632,21755.56602534961,46070.51664127105,39856.73140800995
-6063.192581029215,1260.1220156830784,40440.540178806434,33336.08709109416,-23756.369479727822,-76935.31237252602,-27903.471790466392,29765.832583988806,-258.7037998808142,23941.74644873274
17956.649011247773,-18697.670300222242,7878.971422292951,21264.645077679317,-79675.07923938925,-19937.24829471069,-7363.003451248748,18150.458127114325,24376.97082976388,64777.55312657444
-5888.01858960897,-17664.648009833145,-61281.921767262545,15256.942962664538,-59576.7190296588,-22324.823878936633,18119.858901505624,15337.34893167704,2548.6513125615666,35789.05417961993
4715.368847182888,-33541.722373903554,-20947.70368277016,42926.523636531194,-25080.87207267883,-34397.577189632786,-9146.964965035118,-11403.864785705378,26232.369223744852,53649.16577561841
-11918.627419769271,-962.7253872801999,-28242.014461842664,6506.7906085875275,23890.54115194173,-92317.07919938295,56746.53901463506,8058.7787691394,44033.334833804365,60725.76862394573
26746.93573412848,-51971.10133378554,5850.699047265323,45293.591484415236,-12851.958395001286,-24494.992347966785,-19336.670943138728,66084.79371237529,-6059.712292540004,50950.136301605155
68912.63601233983,-26460.6768532008,-14761.786500260738,-48738.36014690384,-54029.300152512216,-15427.549908976362,-8384.728930978556,-38353.14588669692,-48949.96653848785,24001.805795672088
55358.678230252975,25470.554575989336,-12650.507983567664,26986.969169974804,33433.081644476515,-50649.659444248704,-37737.804397422056,-1214.5743591507564,-64554.20411788762,84209.4860062381
50213.057054978766,-15051.93420323036,24915.467516419612,39951.87576368327,-16481.429158833453,-88488.51621517994,-2847.5381196974313,34860.25631007528,-17090.496605325243,10487.670468065517
-8723.72726450703,-30914.31157268119,-33002.885936693645,-51471.3886087385,5043.604660773705,-87870.26237093429,54227.11576968277,16251.374543819515,-9165.471184026297,-34907.55420858495
39506.657065673266,-57853.31612484202,21209.25673276191,69655.27431691841,20668.784061200215,-73027.59408648,-10753.318481310682,-28704.48475843175,62515.40399719456,64268.53634633002
-1161.937175303625,-55640.10225161043,41648.225058413635,9240.701363346714,-36872.55433680339,-80156.7464845389,5114.695893814493,-107496.56254354116,19470.698348438153,43547.76544358943
-54540.214064552536,-17444.356002019715,1762.572797918812,50208.466945216525,1255.1690952750512,-74023.79521014479,-36142.98371392721,20004.54674373587,71574.9334791158,30480.278072107227
3112.6464953448326,65512.618451747236,-2239.4011379181156,-36628.07144692703,-11433.980455684723,-114033.66229809323,6035.740050644289,5602.342119103117,1362.9563149761357,-2505.8423118797377
25409.28971786144,-89321.99600297805,12449.747836437607,-11735.5540686426,75093.49103551595,-23074.851071918303,-17948.05312053579,-14950.586162242475,29642.81263751023,19755.748423368947
15652.375018629571,-61560.704591982096,5019.628894931964,-25594.842332947133,-42337.662727182935,19515.7840745895,4480.159046065469,-53139.25904866369,23329.284711855555,24253.807972533676
12111.599863404435,-63037.088080208276,3198.6638664085995,-4347.770194959231,24661.98255184585,-66274.5241254153,17225.896562057427,69502.78331552888,41598.12654379912,43719.60953313825
43962.43933085425,17180.277120613344,27184.383607830154,-25761.930782752155,-28274.760752168062,-41365.083245841146,42225.69023725238,22995.18057134475,22382.42757856165,63752.52209837227
-3962.162893243019,-41156.05235270173,11905.91213763457,70615.89335850989,-56945.863219836036,-23761.355747870446,17858.17677683934,-57409.47134753593,16178.743442127512,81619.89014790957
-16984.568187291436,35013.59785990339,63574.26778051158,41919.830182263584,-70282.14871685057,-13399.336726534832,37441.76888781208,46498.45060665439,24420.516869164992,26136.171141161627
-42992.033840982185,102.62693712114138,46617.42537941492,-23861.61046378332,-35457.81333154176,-39029.45047704294,84291.18203019098,-19889.87696800135,35834.82956724184,84253.88922327416
3965.3114035621884,-112540.40108622552,9432.225719094866,20963.983808957855,2673.3333376335027,-44157.65139733238,-53987.66769692587,24999.621370951205,50681.20116705711,71425.52521055221
39826.82417364896,35534.94512633409,-48111.18302810866,46259.270428441145,-33539.862446678926,-5505.56657309378,-41296.13974736269,68233.85266461868,-14981.945762043717,103193.03535668907
-4694.845170155309,-20671.050298411606,47065.905783779985,52888.74642287131,-35208.34508766676,-10127.418502970226,34019.08100896396,-39529.79585304118,34998.91325002185,5816.642861445918
-21132.547871080475,20203.449834843264,-12264.6063010821,-55264.26148424739,-5410.85814683778,-69197.2935074288,-8874.166423726725,14822.133331888332,45545.067621991984,51609.48810204171
35438.093907978975,-39258.074842694645,43989.56082908115,36645.71815647722,-13369.616283259948,-42325.44685102847,34144.33557422161,33966.33106750495,59891.335586214154,70651.6064624952
-14969.47307306961,-64652.406275816626,-56470.44441788059,73913.57570486805,10085.162003879004,-43710.313302848626,15230.137069238519,38693.033031284416,-30676.062346236464,54619.922400960946
12886.33112889769,22701.588155152276,-4229.028314779459,42166.20538282942,847.6455902667885,-48991.26152002805,69735.25988691355,-18503.227239357075,36070.71174676351,55376.006066807706
-32072.494445598513,-91753.81722626086,-11398.354660006213,-13514.978679286518,-3655.5651174305576,4827.438018559514,53123.43491905557,20692.506378128193,3019.595819566492,24345.315160044178
-16886.9449093633,-2556.4256544532714,16284.167074340738,-39433.036655342235,5071.5266853541125,22566.9501072858,38141.63693074135,-42614.857168633636,34579.9970059701,27326.443227201227
4729.797970393484,-64365.43966252336,33185.996639983205,-15934.71686580568,64382.56613851938,-38552.71290533602,52639.090315152855,26782.026087086168,91570.40391019924,21964.61739164721
47308.71840821675,21097.520127728694,-30340.718864011647,4970.66320292039,-25313.238227563445,4593.716677084474,21655.62457896747,6622.688100418553,-31810.217868505817,123964.46331904647
81780.48554069309,-23374.43659659156,-12819.037191211943,1460.818278045792,22729.54814451307,-105205.6964112152,55653.15683288327,-50960.58736028602,16231.748399234964,105267.13293675894
46754.03629627629,-8140.654118359785,17671.552316954174,6183.52454846886,70679.69830599199,-77249.94215044811,-11832.524444882894,26711.741380332296,48451.217542545855,71614.68878678863
9769.230135953321,11961.43825728772,-64764.78051976105,-58153.60641122809,-56633.51278120601,-48718.992765297735,-19992.2342675468,58929.90513304034,30561.388011766037,68845.14655854204
17671.840915287106,-78590.09334536154,4881.3686273877,-41143.643512928276,-35115.93987941855,-17107.299790051824,531.6611989371423,46398.6311152197,-31226.264411092,46935.08974678359
15709.7482851767,22698.12262638909,-15718.392395051309,24534.981140095133,-25836.377795086322,-47740.08603786709,21977.488873824794,48293.88686751948,35817.58216474084,61576.86619268117
24707.59437517203,-41760.94887766389,-10677.894856676427,14156.094525309027,-56090.19671034842,-75615.23948061062,11213.345391423758,37337.23992593133,-30455.24502522662,31605.72664071741
20084.889315537377,-4042.8176434678126,-19030.852664488044,-18479.350182724524,-15589.143066247938,-9066.366344875552,-12005.115492432662,64771.58174564672,-40072.689616866686,70706.96634799827
27073.15622897273,-35755.35338225157,2923.4520654619178,-25288.722005925913,-83203.03389360898,35527.32659014554,48494.50210237003,32583.839389841374,-10366.338826427364,44139.443382013254
-30571.80645423851,-33333.99387026643,-46983.37554467612,43395.467307914994,-12311.804842129992,-66732.95107858506,-69874.76560390758,-6100.315715918283,28889.422733086838,45707.49144313217
-17041.851383104302,-54891.72757494325,49807.35061962314,-1844.2326611320232,35089.220755656905,-75633.48717282226,-2705.445763579632,9375.645244127953,37724.30090678099,68615.99076735953
-3785.176071889948,-33607.5198430654,-29399.399469872365,43749.33247633746,-9544.701423047418,-60365.32248460783,25976.695624515494,22097.591882318116,38177.392965332816,-27652.704170425786
58600.379948267684,-47066.83027961484,-18717.931468567527,81178.57825089191,-91267.10275218569,-31613.504951852432,15339.379821779416,42367.15967000305,35720.97425957958,38326.242729913
14985.151309980161,-55925.491343026966,-71888.01107750059,10169.496711289565,-61203.62002701451,5694.856459246069,-15692.532674442169,-34709.58070111021,-6363.522011794965,-31081.17224861984
73787.4069828359,-65490.63087601518,-42741.077952567495,12312.815552327605,3041.1904988235437,-82292.28825368814,16734.70520876378,-10136.821152223618,23111.49075061927,46019.35975133416
-6221.694817248883,2747.458586755873,-56325.863467182135,18907.75591014169,-30971.584518698422,-13875.846701545888,62354.20532751476,-8537.01916401342,-16274.04044148203,7442.873819375226
-8805.803965942674,-14884.07552331251,-17843.069034753582,-32303.95634566815,16966.074794481458,2712.779605227163,17507.111985178013,-67117.33502909489,48994.81933610796,52693.88111953542
64971.249131519195,13161.511173862833,48998.765615622186,3248.8518183733777,-56016.824492474225,-58125.40874012143,16179.866785729244,-90593.85627268921,-63443.256471255256,-33116.26701759084
-24577.75341208835,-30203.037440589625,-71583.23393250696,-30155.094887506224,28669.133495627473,-21145.37197856784,-8875.540928179578,-45722.67365376172,3636.739042416977,-34594.698936589404
52868.248626592766,-39928.11779938338,10666.952240574718,13058.819814633993,-3487.1137960875653,-37629.39030275154,32712.09718484039,16202.938570988856,-23188.658317742153,81799.8460303582
44637.29155866817,-9818.75436000934,50179.15114381946,7392.791974100105,-21828.118362969057,4653.576408662799,-6907.016171964815,40147.44447604602,63953.15021676532,44577.45931418247
58734.57895052008,31548.984024234884,-33561.40848303896,29147.05380802691,3323.1805192889187,-45408.16262411944,55178.54359876469,-15988.531922590044,42576.013295852346,79324.46856210256
19059.54261987788,-86789.79260419244,-44238.63032465228,27582.09338096012,-76268.92355283225,-23447.727757156343,10843.341292903378,51276.55738574494,54361.29485839322,92425.23713353365
36938.34303611544,-71308.02840738566,-30823.197988325304,23867.727527034276,-10846.070830148043,-14953.95042155968,34360.738135100575,6411.279708204659,44124.967127342345,53243.958038444594
-8684.842094961547,-64350.51137483688,25382.224566701003,33219.23773685216,39825.73962422064,-75221.31344996211,16062.259298869925,-19514.95966793222,-12695.917263903348,35320.76255583181
-37814.4344759948,-30539.977809615455,-10530.204449025941,8161.180022131501,-11969.600812596924,-89352.99929300962,-48023.97188138937,58853.787025195634,-4882.499828717138,99366.99337269884
-35313.14594385358,-79532.7505764398,-23125.431811689406,-7806.28973501698,8783.884857629795,4289.862379285031,45830.06648803947,70077.73714947449,-21512.70071315132,123143.26490963623
17437.13605266273,-54519.01442019284,8084.771755225281,-21453.808193662335,2076.779649167274,-88663.73851380587,-35503.86336002884,3105.9741198835973,63815.2662019997,791.7695501164376
-28771.435241894826,531.5921747951586,3363.200415253292,39073.41769951829,-41301.720647272225,-47435.394819179404,-9153.340742121838,92552.08526122838,-14963.034719560752,35845.36106717092
23810.2744478745,-53824.756074920726,-12858.270178896555,45075.55810924655,25457.098407506786,-24961.542534859575,-16240.68788427021,579.0669372862362,54558.92340753329,40812.818111272936
-9589.171326254651,3700.0837831923786,-2846.5227613293373,-33635.52448453779,7765.595581064196,-52078.65226300286,26319.81903348128,23743.10302992448,26305.10254752148,40543.36430614695
80182.5845935828,-53629.05594503319,-6363.999226035908,-5236.234218838275,7092.938146215031,-1557.1139068399373,88853.82086577019,8562.788964277916,-3887.2274546866392,-6863.613998011729
40318.74570934576,34135.888144138014,18843.456093810266,6671.086873841167,-48690.989504951,-28777.41443992606,6685.451216735208,-1988.81043545384,27871.071392031343,76128.70974371074
66595.89315537854,-73449.01091101464,34881.24854140491,10557.467664096872,4985.913533306743,-30461.298885460656,-19880.914809554608,55662.38771968265,-28988.203899419383,74227.64730023056
30833.117575056604,2567.494274319085,-23188.821245877596,8255.389715494563,46984.087632681585,-92429.36869247098,-30879.038534370287,-34948.47733053498,-2341.4022894264253,114030.02339106539
71378.14613167435,46192.37963438817,-49222.80830035543,18504.32276369273,-20552.822231867453,14731.82548993639,7253.039757931619,-26988.656044822223,-17761.66652936304,105971.89446452225
-5361.191660491027,-31892.904781762074,-25550.962950661753,-11471.69042039211,-16145.880829676837,-17997.038839461915,-14441.646528607549,62806.17906970218,17483.71273741559,51148.343182480574
-26337.86422853593,-30194.608596479287,42186.338977283216,69828.21135361411,57915.57002254997,-91011.17616350025,-28739.339931489754,12089.622658001472,13714.321340877537,89156.85844494714
-8784.321166909565,-49191.42381964932,-68636.29234252195,19584.752509010566,6195.305076856553,-1836.8289884975318,14421.681905594118,-22096.917942479275,-66433.38594315357,44246.58426281031
28414.081941983484,-19347.240358306095,-45878.14675638208,-48866.59304095497,63546.40782060776,-35697.63852601812,-19143.723391011383,42535.61792015178,-62819.59114819035,28833.81256941891
26441.544983000487,-19990.204329032298,25045.171031556627,24093.498790216643,64027.31213063301,-99212.16737923288,18133.50199743903,27253.423297969162,47002.42213674917,65607.3728028205
8855.981773170739,32918.22851261484,55728.350583635365,7621.027070074583,21166.25968679945,-25565.205349553544,21609.029982452226,-15084.993565418707,9661.771630022316,28203.253680459387
25857.181196889,-43647.41877926061,-51351.51307710774,-7220.36972154122,45474.98724350746,-22807.07453988274,-34284.93437369076,24849.398559423127,-37305.69279315639,5427.517888638757
-23824.28659469861,-12118.457417073163,54956.626637668276,23674.594643147957,-31681.147331023865,-22975.754758821957,453.63709087902595,-5808.726710045261,-20237.768581557513,65499.46107482131
-22685.492555828914,-107182.07204665111,-16685.257403353145,73540.49807952916,-21201.308683902313,-49546.82946864215,13891.738684303784,-4381.54615966023,-13129.987384119318,92819.46554026105
24407.759364115096,-12606.927253144353,31648.15498562708,4015.884459816912,-2434.4991686612325,-676.8478046496222,9572.858996062121,87045.51490842708,-2691.7135210784636,19652.092748780262
28809.934276377615,-19577.835335391366,-16547.743209385233,3788.5850129466667,-31018.20521023769,-55763.22571806983,59236.37052470963,3811.159828554232,10070.34533786228,23077.570607115278
-32996.48919532972,-44244.875446671955,2064.1257440594295,-25558.168910093045,-37069.938904704664,-25341.316145286597,24091.025663959386,12730.167708385587,-22666.455231681757,47969.94212840975
29310.711204289863,37313.016365663105,3697.9140146965974,-32256.755835390843,-19732.70842494378,-20016.024876112,-19279.627614002235,49338.89418706049,-10041.427658468945,91361.12374031307
49155.931157520026,8664.468203349163,-26583.700232043808,21868.026588748493,8431.815144002101,-25565.28041728975,26658.2035482924,19972.713599502596,-30399.379489461353,31983.68068680683
8671.363100576931,-10118.78072875505,7838.386266001493,-50952.072372117334,-25090.08601879921,-46942.31030270926,5626.139044491591,43694.35920949341,43487.25529068974,-31387.3202640774
22327.396311676515,-32823.97623336605,-33803.930182366414,20909.506942063043,-12053.197310511352,-26735.55564007751,67789.59001030703,67474.8036565885,12669.955739399811,67832.86309995886
15681.918084571244,-70483.60116442486,-25151.470982551757,30739.668342422872,-61948.36462251861,-57003.372195905686,-23391.17617363682,-53460.605199215104,-63241.588002730176,40532.438427113375
9339.601371066832,12662.516555785145,3474.472692726548,55279.435499810825,-61070.42544469099,-71349.26784917995,81652.70280026128,-5729.4100835759255,-21153.446825214316,-4713.069794956865
75448.79806753476,33089.06487827371,-4587.390811262246,39928.79634863695,-18593.368468233886,-6622.647344397015,-909.7019610477739,19882.411642347823,-16623.801705395003,57919.752069483635
50057.332164925065,26335.397339059742,54228.4119929653,-8945.79113424417,-52094.72469277158,17615.928010068343,75287.7369767878,-38495.96656859269,64662.17606978688,111015.1000489818
-32094.43822779101,50178.52685190704,21692.687810637,-4934.269733426136,-11171.861598698439,-108073.42837923166,24573.73074443127,74966.56007055008,-15969.027366253053,85761.19511719607
-41181.08718301238,-31141.16727182358,-19705.98071417653,60218.680830244586,-23628.504289293785,-43885.268757460006,-6800.951411824973,-53904.838148583556,5533.627596438522,41871.01247236042
46832.96781442745,-20608.47688920804,-18438.855643636765,23.54453961082562,69514.56697049573,-107118.8648505354,17321.011627556836,7104.590896457699,-8936.789344656534,74198.08830738983
30580.863904758306,25203.05585673572,-69157.16988254788,6713.316618149805,1285.235598194924,-111361.59822358028,42934.95332516077,-51920.193338117184,20101.31202302185,72429.51905061255
18439.514293141827,-17798.29467003253,-27184.304965112922,24422.406733292184,-23874.97292191179,-67649.13037300784,633.9326531059507,8921.155460818578,8897.953530455097,44866.3863354961
32150.448105866453,-2805.144116874231,4037.7710645814327,1470.554708981633,2511.049751937206,-56666.503095929205,57861.56547172375,19510.92831217554,-7435.214767685649,18416.400744158833
-18840.994063536276,-54111.104967889674,-72447.46558738999,23215.73412478043,20788.970305262177,-29831.5018759705,56680.35210425205,4239.848035305809,67923.42248197712,46306.720602726375
32483.88401632359,-43474.424533073725,-8607.296281272107,37135.378558711986,-1256.8500397741798,-66634.72646374536,-3937.7176782146794,-47953.81677592764,51833.59113662165,21767.023322430858
-5739.719203811463,-19961.821106955023,-12374.49729640235,22953.253434642294,-19203.539161081328,-73126.06672822105,18037.800685944607,-84214.05001415688,49320.76147036254,74497.35451502865
58112.93367326465,-10462.738129523268,513.5530408178415,-15875.610228715908,-33056.767270541095,16551.533729652827,35605.37859882087,35247.6466554018,25881.89043370545,-3369.711212288346
-12113.043296977281,13389.93132509299,31285.155160181686,4101.772664434913,3434.7613974435944,-5758.538140551696,49579.869626167485,35499.55453653996,31756.24471718205,-8065.496299674438
-4036.0769732722656,-4227.3016024796425,36765.86967683028,60434.08191292367,-35012.28856879254,-63365.97966609949,-650.7804202051506,-17583.083958337556,35909.290606135626,38886.55480648767
67168.80051463023,-61533.91811381371,-31080.582769331024,-15811.447697256628,-809.1957884653644,22046.508658031787,37891.48656348574,22272.627420969256,43245.759651472756,81995.18345893412
47003.34319328873,-28462.484659186055,-9560.255699500118,11027.55706152154,3563.825870626257,40.32097426435662,79154.09400874136,-84450.9982712655,-24791.468624342222,113001.78306527216
-30913.490278971374,29149.200040601063,2907.3840385478597,91405.42553463198,18541.004838240206,-41185.096150788995,37306.67955879324,-11819.015773795769,-42073.79598822296,89230.72016965249
68745.59924299654,-35467.81601772558,2144.2973566569617,43225.11910701783,-7494.4303009777195,-29203.110387648372,42001.595545977485,27131.323441220033,-16809.40321975015,90726.28116835869
17548.73832550411,43616.11279727747,-45304.14237417661,30102.213749544342,31041.282039774644,-60238.98406729515,86297.13056454844,11957.977336352797,13159.586883567577,67170.8996163395
1531.6321435644647,-49924.93604734592,39393.05478820709,5195.192807832427,-26357.154240958145,-24955.366552759686,-17632.876340288527,1776.3028732330404,-33818.51001813317,35329.851124226385
-27242.610448977994,-59463.68625541049,18113.38512007034,4375.5742154223735,21631.047389371015,-4948.276412945049,7062.248102455744,50701.99691597425,-3652.263270644666,47425.15344981033
63058.56501712601,11934.339638863932,-91251.95125006024,-18671.69327102914,-41539.25859050997,-105431.11400027202,26393.347437410248,-34905.43578528754,61505.6518818091,35402.597466454856
-12548.312785279219,-60915.40654526109,1192.1593557445622,150.2548097676968,18158.515242056852,-75294.74557551461,5486.449945725466,-17523.874269107935,18238.269017822433,20277.22050043061
11445.283166077803,-79550.483385259,-11001.629167857394,-19970.191787463908,-2016.3060306864609,-65521.87844084639,-42432.681078939946,-20380.231300100073,-48819.41097255531,56056.15465135997
-18126.030701551303,-11879.587790899097,59790.46013068243,7336.33548797339,-11737.053075185724,-28966.410284049216,-52665.923182688166,26858.402726832832,-8766.377697894151,48787.200661827745
35552.20826517683,-51546.49017790514,-31429.00705484287,-12636.372373152788,-31116.1784605506,-11348.550264163081,26914.62853497118,-7060.3137571979,27546.8585268902,60315.14689521917
34829.92905737838,2146.7838464565184,16670.733518052777,-11814.096667714299,-4569.419361155586,-87709.90596905502,-11670.462050340675,-46571.68704061569,30225.0423829765,67070.9922491139
12227.98442056337,-35743.67538244737,17197.126056424382,27873.793348142073,45159.53723116393,-53761.28908383721,-8604.704157358567,-58532.49600091389,36576.79151143872,48872.30424323443
55797.74029835274,9944.043014754376,13399.241339630684,-9300.811146235208,3098.663191004194,-63398.013541639775,11594.407492326149,-41863.225505545684,40767.615023727616,92467.31851658579
76866.20223531564,-55971.84926698776,8215.362389907425,26407.379768797906,32908.620225229366,30952.281087040315,39263.06871037384,-54898.09765484558,39707.022167314055,159316.32998420528
31704.503822254213,-75322.4190513794,-12866.082909764431,-64916.20610906531,-3253.9696530153283,-44743.38933160981,38332.746431254694,37038.87045392471,19254.56965240764,57604.00151215736
-37959.02281334667,-10788.583822634331,-15613.040511724153,10889.560814321458,9077.136201466688,403.91488588709444,30633.98191070849,-37849.82544088566,47844.35059428766,105661.94867488061
-38184.36342404625,10664.234308640287,35573.88084763952,13785.693235415667,32083.34300305615,-55442.206936325994,60308.716799874084,71289.7296010739,21962.120333545874,49584.03420358846
19218.9999352794,-32944.72972784302,6788.768615740221,9065.658804096878,23173.84417640807,-86816.98961519203,84917.3595123401,61054.4993701758,7182.840417748129,7692.181729418973
20804.60552014969,-18897.487215326204,-39029.42241089872,64072.32558822879,12072.537898480614,-38815.26295936803,30814.74502002976,34690.70092398851,-50634.68026172391,40194.01369389841
-83419.7147353704,13946.085897369427,7050.803155131003,30392.819075019885,-14034.27911600643,-12113.50695565258,-19579.997834074944,73505.80495933909,16152.087930003363,115066.22894048024
44261.55974908882,-27994.620423822456,3687.0113737768897,51509.50365702618,39468.39100968318,-12481.114331750747,41064.99785776859,30532.132391431824,-37788.096636921066,60064.805710052795
35132.46425999721,-56265.48491375728,-1483.9288397553603,38487.88867073237,1106.6298921209814,-41321.09654659161,30603.840568230757,23026.83567693184,34787.84694065333,53172.93125069758
33791.65298158979,-4558.110159804306,19115.288877959676,-8258.179661422764,-13306.621982193205,-37268.99546472378,-26663.87262114101,-9319.106144486277,-14372.201217886337,39894.04657716862
-11198.778450330623,-17800.62542827226,21443.440569853832,46715.56178790151,-27060.699637589274,-67713.61423143523,79271.53124556717,36458.90720019048,-3371.316788739206,64505.33201198771
83351.87147384192,-97921.35130258092,-19063.021873642567,50063.44527845062,-64352.03207125926,-33531.264889314305,-24355.712524765033,35907.21543801234,20480.629894503694,50007.37569885907
-33033.44326601519,-32802.271578074266,-3354.346716422975,-20818.026720800914,-41521.70846541811,-20362.8642133132,50096.78779104191,63601.55145869271,-45841.80436277621,75364.87691530821
32007.20199897443,-30866.86941608153,-80311.93126140378,-17487.761186296844,7919.068686020907,-64062.45487896957,39845.88313890307,33642.205347610434,-9931.91108043977,26869.004876317853
-32726.018608086302,-19790.33885498149,41406.657165406315,3696.29653388275,-50810.92586219629,-11225.51122556778,50214.09409022493,-4085.078338370581,-36338.82344135122,39871.83576826124
-20471.059599865664,6051.980847020237,51549.41063596771,60960.35579535241,17854.252900530446,4702.889090771249,-14768.521814630896,-62080.8723585278,-36203.618367055715,71988.6310237742
-17963.136278632875,-71642.7477619136,1123.027402226877,8715.955813496836,3628.876926225632,-19651.75149031478,17385.825652051495,17175.052378329045,-36503.090170897965,18679.667226109308
-15777.447445214491,4791.167624154573,915.8796429238464,1694.769584190705,-21801.265874816603,-24777.358966193435,-25545.41218526559,-16615.329139622227,-38414.71136128635,6268.221875612443
39183.840292133966,21064.565428436083,-15917.710893936557,-4953.997953331474,-30786.503605600272,-48036.39334800405,15915.148981396282,-8296.101874151687,-27281.844416943484,26887.308090142917
6966.514022734252,37416.03853599078,10524.908104876904,-36232.499920906695,1207.4891848539926,-39257.43867356211,3149.523501899504,16847.016534339993,55752.19573370172,48031.5397479245
26903.91985399998,26453.037598268453,-868.6575369587422,18474.723894046823,57491.25184520904,-93028.96807617682,31325.83184336668,33469.16487967956,19451.05634816877,74533.72086107108
-12159.923922131082,-3009.618742751436,-6338.689137473949,-49680.402738514575,-67613.59022430249,-24164.894515759952,33276.79518585587,17033.85185497602,-10129.070534422219,53420.6205297141
-153.9783004878126,-7722.30021420375,20131.353102287583,23918.633007810477,42084.13167968982,-58759.99167608765,25399.938455034247,63668.0977827368,27674.92802967918,23781.49207957924
-32775.53361762954,-54531.82655667821,-25163.410219735226,-12459.417157326396,-37106.68668994354,-87729.87775517692,51722.71130485383,-15951.989905524613,26113.462800259236,13492.474391381069
60406.8375394015,-18531.421272756146,56130.116451373535,-3083.7828862385263,45779.963436818645,-37051.87824690354,38713.42484558076,37281.39146530342,65176.26369491398,85186.66234498167
27535.275833986238,-64322.19546482046,-9203.435181932027,45461.021484799574,-55862.30580589391,-54865.18167558471,7606.874547317537,26159.28687648849,60473.763813885605,53498.91864417697
83382.38636022857,-68011.4413703572,-40647.991676578895,25559.67143617875,-11337.893581614495,-31346.314640780853,8650.270209650294,-4032.0944317842595,3342.306474820655,46797.846969327635
57766.480512696544,-24422.68866608024,55105.39970945489,17768.17552353219,-38325.28376637761,-54089.22693087937,15821.840012815423,-5091.5351508184785,8985.300128952924,-7670.408098722617
-48834.38153677171,-46673.39403702937,26441.354398540447,-35325.86557021074,-25486.581646199942,-22228.610401438425,25073.227876557143,-1350.8958902773993,1362.1992443041634,27221.40092815498
-1915.3438436126755,8076.202674608458,14686.878719888784,56999.832352178906,-17647.470424917734,-23083.163743556073,-7648.379586985563,41393.25853310732,-11954.650681252613,74496.74249795478
-43922.16794818787,-8158.711736463183,-35869.313880316105,23164.062484374368,21467.794398561982,-51014.62244282314,75815.25307451606,628.3796790108122,-19487.719413709525,74295.99209232607
18427.751333593078,26006.66714039504,5271.287720574271,10882.921711585024,9768.29565292837,-60718.59647263554,9150.894334552984,10268.244177124325,10408.537654150234,92094.46402660322
999.2908625077015,-27568.692963507136,-4232.851779036314,-33471.03703448465,-65395.67144345863,-54632.66388293559,-67453.5432586983,10366.608622858806,-1439.772931633106,83675.86957672756
3128.673309018534,8463.137959403117,21015.232452322325,-61047.21079470854,62174.75606032,-13188.574379649874,-41267.99207031112,61547.23586568482,45313.83437288305,29607.35263532791
104976.17905694753,-15021.287196082667,-33582.85426027558,25129.802362909642,9808.773716427202,-55374.78156926806,68861.68435363182,21322.793372033248,91678.42154099616,59887.4364926849
12387.286322146982,40817.86507079645,-46645.75784384072,31223.256638921022,-14687.69514833665,-94665.26623249074,49271.23458545885,27794.590269173048,-35315.34341759973,35985.19206814941
1285.18309404999,62984.90139301275,6771.090245842005,53347.07533247652,15075.902824434263,-98693.12988922762,44498.37629130695,3099.0601814456204,60365.49917301491,40956.731437908944
3269.754244949717,21652.318483525487,-15956.903631948231,16393.537512818115,-6679.69403801622,-58923.650171181245,59718.939508618954,12431.383968621061,56809.84516763351,102322.42827097254
42253.68412724351,-4845.01374842953,4523.108164183128,44515.014174415825,5972.364606534704,-17429.0695840116,-1725.9506158160432,2972.422114598819,26338.267259001837,52531.22019700575
32681.420813429395,-65996.08753090347,-38785.11179941961,15427.337464549806,-24246.45824280937,-75745.10167520474,10213.447735363981,51088.64531990486,37210.24801369918,19820.30618183898
-16565.487439681623,13777.62167316121,-9928.972578361643,-17932.957785219915,-76341.81827638301,-74731.39917192276,21730.505942584667,18595.185798002844,-69657.52541993117,141103.45650487128
33078.155900032834,-69241.83119078034,-11200.564874834483,-19890.09507715857,37416.124189947186,-47866.68398118221,32950.94289033909,19542.599558997415,32496.380116813893,48025.12952522114
22933.935361863456,-63809.45729900603,7251.433539542243,-31361.608874032187,-25330.636778794218,-20458.98670433935,53027.96229938456,15731.89811066611,-19556.25596273199,90352.98714478571
10217.983037941372,8884.346817718953,-10258.564984713323,-48864.24926572237,26697.399135603177,-134800.62994945262,-89305.99080343782,22262.795987965095,-11869.524821662098,10756.30346769554
